City_ID,City,Country,Date,Lat,Lng,Max Temp,Humidity,Cloudiness,Wind Speed
0,Dikson,RU,2020-12-28 07:26:33,73.51,80.55,-14.57,90,77,8.97
1,Castro,BR,2020-12-28 07:26:34,-24.79,-50.01,62.78,98,82,5.48
2,Namibe,AO,2020-12-28 07:26:34,-15.2,12.15,72.19,73,98,4.36
3,Nalgonda,IN,2020-12-28 07:26:34,17.05,79.27,82.56,37,0,6.49
4,Oranjestad,AW,2020-12-28 07:26:35,12.52,-70.03,78.8,78,20,10.29
5,Port Alfred,ZA,2020-12-28 07:26:35,-33.59,26.89,72.0,83,87,5.01
6,Mahibadhoo,MV,2020-12-28 07:26:35,3.78,72.97,82.6,65,0,7.09
7,Hilo,US,2020-12-28 07:26:35,19.73,-155.09,69.8,83,75,6.93
8,Ushuaia,AR,2020-12-28 07:26:36,-54.8,-68.3,44.6,81,40,11.41
9,Victoria,HK,2020-12-28 07:24:37,22.29,114.16,78.8,39,0,21.92
10,Kapaa,US,2020-12-28 07:26:36,22.08,-159.32,75.2,83,40,13.87
11,Busselton,AU,2020-12-28 07:26:36,-33.65,115.33,84.99,26,0,5.01
12,Broome,US,2020-12-28 07:26:37,42.25,-75.83,30.99,73,1,13.87
13,Humaita,BR,2020-12-28 07:26:37,-7.51,-63.02,71.04,98,100,2.35
14,George,ZA,2020-12-28 07:26:37,-33.96,22.46,69.8,60,20,17.22
15,Saint-Philippe,RE,2020-12-28 07:26:37,-21.36,55.77,86.0,62,20,5.82
16,Norman Wells,CA,2020-12-28 07:26:37,65.28,-126.83,-11.2,76,75,2.24
17,Hami,CN,2020-12-28 07:26:37,42.8,93.45,22.73,69,0,9.84
18,Bathsheba,BB,2020-12-28 07:26:37,13.22,-59.52,77.0,88,40,12.75
19,Thinadhoo,MV,2020-12-28 07:26:37,0.53,72.93,82.65,68,99,6.69
20,Esperance,AU,2020-12-28 07:26:38,-33.87,121.9,71.6,43,0,20.8
21,Ostrovnoy,RU,2020-12-28 07:26:38,68.05,39.51,6.49,89,94,7.99
22,Brae,GB,2020-12-28 07:26:38,60.4,-1.35,37.4,73,20,5.82
23,Saqqez,IR,2020-12-28 07:26:38,36.25,46.27,30.63,85,0,1.23
24,Umm Lajj,SA,2020-12-28 07:26:38,25.02,37.27,75.15,44,1,1.48
25,Port-Gentil,GA,2020-12-28 07:26:38,-0.72,8.78,75.2,94,40,2.24
26,Hobart,AU,2020-12-28 07:21:54,-42.88,147.33,61.0,48,75,9.17
27,Mar Del Plata,AR,2020-12-28 07:26:38,-38.0,-57.56,69.8,94,75,10.29
28,Tuktoyaktuk,CA,2020-12-28 07:26:38,69.45,-133.04,-5.8,83,75,5.82
29,Mataura,NZ,2020-12-28 07:26:39,-46.19,168.86,62.01,58,0,8.99
30,Grand Gaube,MU,2020-12-28 07:26:39,-20.01,57.66,80.01,78,100,13.0
31,Altamira,BR,2020-12-28 07:26:39,-3.2,-52.21,71.76,97,56,2.73
32,Corrales,US,2020-12-28 07:24:46,35.24,-106.61,39.99,51,100,1.99
33,Upernavik,GL,2020-12-28 07:26:39,72.79,-56.15,23.34,80,100,7.94
34,Punta Arenas,CL,2020-12-28 07:26:39,-53.15,-70.92,48.2,57,0,12.75
35,Yellowknife,CA,2020-12-28 07:23:58,62.46,-114.35,3.0,84,40,9.17
36,Te Anau,NZ,2020-12-28 07:26:39,-45.42,167.72,60.69,68,0,4.76
37,Rikitea,PF,2020-12-28 07:26:40,-23.12,-134.97,78.67,78,100,11.12
38,Bodden Town,KY,2020-12-28 07:26:40,19.28,-81.25,75.99,78,100,14.0
39,Razole,IN,2020-12-28 07:26:40,16.48,81.83,87.06,42,0,2.82
40,San-Pedro,CI,2020-12-28 07:26:40,4.75,-6.64,75.02,91,40,4.74
41,Bengkulu,ID,2020-12-28 07:26:41,-3.8,102.27,84.72,65,98,8.16
42,Balkanabat,TM,2020-12-28 07:26:41,39.51,54.37,45.28,49,0,3.33
43,Bluff,NZ,2020-12-28 07:26:41,-46.6,168.33,62.01,58,0,8.99
44,Reus,ES,2020-12-28 07:26:41,41.16,1.11,46.99,75,40,14.99
45,Zwedru,LR,2020-12-28 07:26:42,6.07,-8.13,71.53,98,71,2.62
46,Coueron,FR,2020-12-28 07:26:42,47.22,-1.72,45.0,86,0,8.05
47,Carnarvon,AU,2020-12-28 07:26:42,-24.87,113.63,87.8,58,69,19.46
48,Ahipara,NZ,2020-12-28 07:26:42,-35.17,173.17,60.46,58,0,10.67
49,Chuy,UY,2020-12-28 07:26:42,-33.7,-53.46,66.97,94,0,6.89
50,Newark,US,2020-12-28 07:24:02,40.74,-74.17,37.4,69,75,3.36
51,Aripuana,BR,2020-12-28 07:26:43,-9.17,-60.63,70.57,99,100,1.3
52,Codrington,AU,2020-12-28 07:26:43,-38.27,141.97,58.95,59,100,12.55
53,Srednekolymsk,RU,2020-12-28 07:26:43,67.45,153.68,-31.18,80,0,3.09
54,Ilulissat,GL,2020-12-28 07:26:43,69.22,-51.1,44.6,48,57,29.97
55,Saskylakh,RU,2020-12-28 07:26:43,71.92,114.08,-13.2,87,100,22.44
56,New Norfolk,AU,2020-12-28 07:26:43,-42.78,147.06,61.0,29,94,3.0
57,Merrill,US,2020-12-28 07:26:44,45.18,-89.68,21.2,79,75,9.17
58,Saint George,US,2020-12-28 07:23:11,37.1,-113.58,39.2,64,1,4.97
59,Atuona,PF,2020-12-28 07:26:44,-9.8,-139.03,78.26,79,11,19.95
60,Khatanga,RU,2020-12-28 07:26:44,71.97,102.5,-25.1,85,100,15.01
61,Vostok,RU,2020-12-28 07:26:44,46.49,135.88,-11.7,89,51,4.43
62,Mangrol,IN,2020-12-28 07:26:45,21.12,70.12,74.28,20,0,10.83
63,Yarada,IN,2020-12-28 07:26:45,17.65,83.27,77.56,54,0,6.6
64,College,US,2020-12-28 07:26:45,64.86,-147.8,6.8,77,75,3.36
65,Severo-Kurilsk,RU,2020-12-28 07:26:46,50.68,156.12,28.09,94,87,19.75
66,Provideniya,RU,2020-12-28 07:26:46,64.38,-173.3,12.45,93,100,27.65
67,Krasnotorka,UA,2020-12-28 07:26:46,48.68,37.53,27.52,92,73,14.09
68,Lebu,CL,2020-12-28 07:26:46,-37.62,-73.65,57.0,95,5,9.66
69,Takoradi,GH,2020-12-28 07:23:41,4.88,-1.76,78.01,85,100,4.38
70,Mahebourg,MU,2020-12-28 07:26:46,-20.41,57.7,82.4,69,75,16.11
71,Zhuanghe,CN,2020-12-28 07:26:46,39.7,122.99,33.67,74,100,3.31
72,Cidreira,BR,2020-12-28 07:26:46,-30.18,-50.21,72.43,82,16,15.21
73,Vila Franca Do Campo,PT,2020-12-28 07:26:47,37.72,-25.43,57.2,67,40,10.29
74,Berlevag,NO,2020-12-28 07:26:47,70.86,29.09,23.0,73,75,14.99
75,Chokurdakh,RU,2020-12-28 07:26:47,70.63,147.92,-33.45,83,0,2.08
76,Progreso,MX,2020-12-28 07:26:47,21.28,-89.67,66.2,82,20,9.17
77,Ithaki,GR,2020-12-28 07:26:47,38.36,20.72,59.0,54,40,5.82
78,Hithadhoo,MV,2020-12-28 07:26:47,-0.6,73.08,82.15,73,5,9.53
79,Bambous Virieux,MU,2020-12-28 07:26:47,-20.34,57.76,82.4,69,75,16.11
80,Cape Town,ZA,2020-12-28 07:26:47,-33.93,18.42,71.01,52,0,5.82
81,East London,ZA,2020-12-28 07:26:48,-33.02,27.91,66.2,93,75,6.93
82,Porto Novo,BJ,2020-12-28 07:26:48,6.5,2.6,77.0,94,40,6.93
83,Alice Springs,AU,2020-12-28 07:26:48,-23.7,133.88,86.0,28,0,14.99
84,Namatanai,PG,2020-12-28 07:26:48,-3.67,152.43,83.19,74,99,8.81
85,Los Llanos De Aridane,ES,2020-12-28 07:26:49,28.66,-17.92,62.6,82,0,6.93
86,Ponta Do Sol,PT,2020-12-28 07:26:49,32.67,-17.1,60.8,67,20,11.41
87,Nsanje,MW,2020-12-28 07:26:49,-16.92,35.26,93.24,50,98,2.46
88,Mach,PK,2020-12-28 07:26:49,29.86,67.33,52.81,29,0,6.78
89,Anadyr,RU,2020-12-28 07:26:49,64.75,177.48,14.0,78,20,49.21
90,Kloulklubed,PW,2020-12-28 07:26:49,7.04,134.26,78.8,88,90,3.36
91,Ribeira Grande,PT,2020-12-28 07:26:49,38.52,-28.7,57.2,71,75,5.82
92,Labuan,MY,2020-12-28 07:26:49,5.28,115.24,87.8,66,20,3.36
93,Fougamou,GA,2020-12-28 07:26:49,-1.22,10.58,75.2,94,90,1.9
94,Socorro,US,2020-12-28 07:22:49,31.65,-106.3,50.0,29,40,3.36
95,Wewak,PG,2020-12-28 07:26:50,-3.55,143.63,84.22,68,34,6.64
96,Comodoro Rivadavia,AR,2020-12-28 07:26:50,-45.87,-67.5,71.6,56,0,11.41
97,Qaanaaq,GL,2020-12-28 07:26:50,77.48,-69.36,6.28,74,99,7.09
98,Palu,ID,2020-12-28 07:26:50,-0.89,119.87,85.82,68,100,3.89
99,Bredasdorp,ZA,2020-12-28 07:26:50,-34.53,20.04,71.6,53,40,20.8
100,Vaini,TO,2020-12-28 07:26:50,-21.2,-175.2,78.8,94,75,8.05
101,Albany,US,2020-12-28 07:26:50,42.6,-73.97,32.0,66,100,1.99
102,Cabo San Lucas,MX,2020-12-28 07:26:51,22.89,-109.91,63.0,60,0,7.72
103,Simbahan,PH,2020-12-28 07:26:51,6.3,120.58,82.13,75,95,2.51
104,Antonina,BR,2020-12-28 07:26:51,-25.43,-48.71,62.6,100,90,3.36
105,Batemans Bay,AU,2020-12-28 07:26:52,-35.72,150.18,61.0,91,100,4.0
106,Puerto Ayora,EC,2020-12-28 07:26:52,-0.74,-90.35,73.0,94,5,6.08
107,Tabora,TZ,2020-12-28 07:26:52,-5.02,32.8,69.8,94,75,4.25
108,Sembakung,ID,2020-12-28 07:26:52,3.82,117.25,93.15,49,92,2.01
109,Lavrentiya,RU,2020-12-28 07:26:52,65.58,-171.0,13.82,94,100,21.18
110,Hermanus,ZA,2020-12-28 07:26:53,-34.42,19.23,72.0,59,0,5.99
111,Tuatapere,NZ,2020-12-28 07:26:53,-46.13,167.68,62.01,58,0,8.99
112,Jamestown,US,2020-12-28 07:26:53,42.1,-79.24,37.0,69,90,9.17
113,Shimoda,JP,2020-12-28 07:24:34,34.67,138.95,57.2,71,40,5.82
114,Kavieng,PG,2020-12-28 07:26:53,-2.57,150.8,85.39,66,93,10.76
115,Waingapu,ID,2020-12-28 07:26:53,-9.66,120.26,85.86,67,8,7.27
116,Araouane,ML,2020-12-28 07:26:53,18.9,-3.53,66.22,25,94,9.17
117,Hofn,IS,2020-12-28 07:26:53,64.25,-15.21,31.51,88,100,26.73
118,Ilia,GR,2020-12-28 07:26:54,37.75,21.58,51.8,93,40,3.36
119,Sao Jose Da Coroa Grande,BR,2020-12-28 07:26:54,-8.9,-35.15,76.8,76,90,10.36
120,Douentza,ML,2020-12-28 07:26:54,15.0,-2.95,63.37,27,0,2.59
121,Arraial Do Cabo,BR,2020-12-28 07:26:54,-22.97,-42.03,74.46,90,100,20.94
122,Odweyne,SO,2020-12-28 07:26:54,9.41,45.06,72.97,44,98,1.48
123,Spearfish,US,2020-12-28 07:26:54,44.49,-103.86,23.0,92,75,5.82
124,Aldan,RU,2020-12-28 07:26:54,58.6,125.39,-27.24,84,100,7.05
125,Kondinskoye,RU,2020-12-28 07:26:54,59.65,67.41,16.7,97,100,10.31
126,Vao,NC,2020-12-28 07:26:54,-22.67,167.48,77.05,83,0,18.28
127,Biak,ID,2020-12-28 07:26:55,-0.91,122.88,82.87,69,100,1.63
128,Xinmin,CN,2020-12-28 07:26:55,41.99,122.83,19.4,48,100,4.47
129,Fortuna,US,2020-12-28 07:26:55,40.6,-124.16,39.0,100,90,6.93
130,Bideford,GB,2020-12-28 07:26:55,51.02,-4.2,43.0,87,80,11.01
131,Jalu,LY,2020-12-28 07:26:56,29.03,21.55,55.35,49,0,5.84
132,Torbay,CA,2020-12-28 07:26:56,47.67,-52.73,33.01,88,90,5.82
133,Santa Rosa,PH,2020-12-28 07:26:57,14.31,121.11,88.0,70,75,5.82
134,Muros,ES,2020-12-28 07:26:57,42.78,-9.06,43.0,91,76,4.0
135,Henties Bay,NA,2020-12-28 07:26:57,-22.12,14.28,66.0,84,94,4.0
136,Klaksvik,FO,2020-12-28 07:26:57,62.23,-6.59,35.6,80,100,34.45
137,Butaritari,KI,2020-12-28 07:26:57,3.07,172.79,81.45,81,100,20.67
138,Jumla,NP,2020-12-28 07:26:57,29.27,82.18,51.06,30,0,8.03
139,Havelock,US,2020-12-28 07:26:57,34.88,-76.9,42.8,93,20,4.7
140,Camana,PE,2020-12-28 07:26:57,-16.62,-72.71,70.02,78,100,4.94
141,Stornoway,GB,2020-12-28 07:26:58,58.21,-6.39,42.8,87,100,34.45
142,Lufilufi,WS,2020-12-28 07:26:58,-13.87,-171.6,78.8,94,20,4.7
143,Giubiasco,CH,2020-12-28 07:26:58,46.17,9.01,32.0,100,100,3.36
144,Gadung,PH,2020-12-28 07:26:58,6.8,124.02,81.75,77,100,3.29
145,Lubango,AO,2020-12-28 07:26:58,-14.92,13.49,57.2,80,90,11.41
146,Peniche,PT,2020-12-28 07:26:58,39.36,-9.38,55.0,72,52,14.0
147,Ibanda,TZ,2020-12-28 07:26:58,-2.8,32.47,73.4,83,75,3.18
148,Chicama,PE,2020-12-28 07:26:58,-7.84,-79.15,69.28,77,85,2.28
149,Ixtapa,MX,2020-12-28 07:26:59,20.7,-105.2,64.0,93,0,3.15
150,Boguchany,RU,2020-12-28 07:26:59,58.38,97.45,-30.03,80,12,1.52
151,Luderitz,NA,2020-12-28 07:26:59,-26.65,15.16,68.0,56,0,5.82
152,Kodiak,US,2020-12-28 07:22:18,57.79,-152.41,35.6,93,75,3.36
153,Mazagao,BR,2020-12-28 07:26:59,-0.12,-51.29,78.8,100,75,4.7
154,Cherskiy,RU,2020-12-28 07:26:59,68.75,161.3,-34.42,83,0,2.53
155,Shitanjing,CN,2020-12-28 07:26:59,39.23,106.34,20.19,79,31,16.15
156,Marihatag,PH,2020-12-28 07:26:59,8.79,126.3,79.79,83,100,3.13
157,Kamojima,JP,2020-12-28 07:25:33,34.07,134.35,53.6,71,20,11.41
158,Leshukonskoye,RU,2020-12-28 07:27:00,64.9,45.76,-7.46,91,49,2.44
159,Nerchinskiy Zavod,RU,2020-12-28 07:27:00,51.31,119.61,-17.59,86,100,2.51
160,Patacamaya,BO,2020-12-28 07:27:00,-17.23,-67.92,44.91,79,100,4.94
161,Sao Filipe,CV,2020-12-28 07:27:00,14.9,-24.5,74.43,80,100,15.23
162,Padang,ID,2020-12-28 07:27:00,-0.95,100.35,83.66,70,100,4.23
163,Kaitangata,NZ,2020-12-28 07:27:00,-46.28,169.85,55.99,71,0,17.0
164,Balaghat,IN,2020-12-28 07:27:00,21.8,80.18,81.09,28,0,4.83
165,Lyangasovo,RU,2020-12-28 07:27:00,58.52,49.45,-1.28,93,42,6.53
166,Waw,SS,2020-12-28 07:27:01,7.7,28.0,83.26,22,0,6.46
167,Barrow,US,2020-12-28 07:27:01,71.29,-156.79,-5.8,76,20,10.29
168,Buritizeiro,BR,2020-12-28 07:27:01,-17.35,-44.96,68.49,91,100,2.06
169,Thompson,CA,2020-12-28 07:27:01,55.74,-97.86,-23.8,74,5,8.05
170,Avarua,CK,2020-12-28 07:27:02,-21.21,-159.78,77.0,83,49,3.36
171,Oksfjord,NO,2020-12-28 07:27:02,70.24,22.35,32.0,91,40,28.86
172,Tasiilaq,GL,2020-12-28 07:27:02,65.61,-37.64,30.2,54,100,27.51
173,Thaton,MM,2020-12-28 07:27:02,16.92,97.37,91.17,43,44,4.34
174,Basco,PH,2020-12-28 07:27:02,20.45,121.97,76.03,88,100,32.14
175,Walvis Bay,NA,2020-12-28 07:27:03,-22.96,14.51,66.2,72,2,8.05
176,Harper,LR,2020-12-28 07:27:03,4.38,-7.72,77.76,85,58,5.3
177,Nikolskoye,RU,2020-12-28 07:27:03,59.7,30.79,26.6,79,90,11.18
178,Neiafu,TO,2020-12-28 07:27:03,-18.65,-173.98,80.6,88,75,6.93
179,Bubaque,GW,2020-12-28 07:27:03,11.28,-15.83,78.12,72,0,8.84
180,Manitouwadge,CA,2020-12-28 07:27:03,49.12,-85.84,8.6,78,78,3.36
181,Lampazos De Naranjo,MX,2020-12-28 07:27:03,27.02,-100.52,58.14,59,0,4.45
182,Ust-Barguzin,RU,2020-12-28 07:27:04,53.45,108.98,-1.89,89,100,12.77
183,Karonga,MW,2020-12-28 07:27:04,-9.93,33.93,74.46,84,100,1.92
184,Sur,OM,2020-12-28 07:27:04,22.57,59.53,71.65,42,0,16.13
185,Eirunepe,BR,2020-12-28 07:27:04,-6.66,-69.87,70.56,98,100,1.1
186,Beloha,MG,2020-12-28 07:27:05,-25.17,45.05,97.52,33,0,9.89
187,Skibbereen,IE,2020-12-28 07:27:05,51.55,-9.27,42.8,70,20,26.4
188,Goderich,CA,2020-12-28 07:27:05,43.75,-81.72,39.2,86,100,18.34
189,Asau,RO,2020-12-28 07:27:05,46.43,26.4,37.0,80,100,2.3
190,Poya,NC,2020-12-28 07:27:06,-21.35,165.15,80.76,73,19,5.84
191,Tevaitoa,PF,2020-12-28 07:27:06,-16.78,-151.5,81.34,69,100,6.11
192,Havoysund,NO,2020-12-28 07:27:06,71.0,24.66,24.8,68,40,32.21
193,Marsabit,KE,2020-12-28 07:27:06,2.33,37.99,71.92,58,0,14.7
194,Yulara,AU,2020-12-28 07:27:06,-25.24,130.99,89.6,25,40,17.22
195,Sterna,GR,2020-12-28 07:27:06,41.57,26.46,54.0,80,100,7.0
196,Flinders,AU,2020-12-28 07:27:06,-34.58,150.86,64.0,83,100,5.99
197,Kieta,PG,2020-12-28 07:27:07,-6.22,155.63,80.24,81,100,4.88
198,Rocha,UY,2020-12-28 07:27:07,-34.48,-54.33,64.62,96,23,5.12
199,Muisne,EC,2020-12-28 07:27:07,0.6,-80.03,74.1,83,100,6.64
200,Margate,GB,2020-12-28 07:27:07,51.38,1.39,42.01,90,100,1.01
201,Hasaki,JP,2020-12-28 07:27:07,35.73,140.83,57.0,66,20,3.36
202,Hamilton,US,2020-12-28 07:27:07,39.18,-84.53,51.8,81,90,14.99
203,Mana,GF,2020-12-28 07:27:07,5.66,-53.78,76.3,89,80,7.58
204,Laguna,US,2020-12-28 07:27:07,38.42,-121.42,46.99,81,20,3.36
205,Katsuura,JP,2020-12-28 07:22:23,35.13,140.3,52.0,66,0,5.82
206,Boli,CN,2020-12-28 07:27:08,45.77,130.52,-0.65,89,100,2.01
207,Micheweni,TZ,2020-12-28 07:27:08,-4.97,39.83,83.41,72,93,15.32
208,Miandrivazo,MG,2020-12-28 07:27:08,-19.52,45.47,79.39,77,100,6.55
209,Port Elizabeth,ZA,2020-12-28 07:27:08,-33.92,25.57,69.8,77,75,4.7
210,Escuinapa,MX,2020-12-28 07:27:08,22.85,-105.8,51.8,93,5,3.36
211,Vestmannaeyjar,IS,2020-12-28 07:27:08,63.44,-20.27,30.2,68,0,20.8
212,Horta,PT,2020-12-28 07:27:08,38.53,-28.63,57.2,71,75,5.82
213,Bethel,US,2020-12-28 07:27:08,41.37,-73.41,28.99,79,1,3.85
214,Pevek,RU,2020-12-28 07:27:09,69.7,170.31,-23.44,87,83,3.09
215,Eureka,US,2020-12-28 07:27:09,40.8,-124.16,39.0,93,1,4.25
216,Coron,PH,2020-12-28 07:27:09,12.0,120.2,83.52,76,29,10.13
217,Verbilki,RU,2020-12-28 07:27:09,56.53,37.6,19.4,92,90,6.71
218,Tiksi,RU,2020-12-28 07:27:10,71.69,128.87,-0.81,91,100,7.27
219,Pisco,PE,2020-12-28 07:27:10,-13.7,-76.22,68.0,88,0,10.29
220,Koslan,RU,2020-12-28 07:27:10,63.46,48.9,-6.59,91,99,4.56
221,Vysotsk,RU,2020-12-28 07:27:11,60.63,28.57,27.0,86,100,1.99
222,Mislata,ES,2020-12-28 07:27:11,39.48,-0.42,55.0,62,75,27.51
223,Qaqortoq,GL,2020-12-28 07:27:11,60.72,-46.03,37.4,86,100,10.29
224,Nizwa,OM,2020-12-28 07:27:11,22.93,57.53,72.01,22,0,3.4
225,Richards Bay,ZA,2020-12-28 07:27:11,-28.78,32.04,79.75,64,20,10.31
226,Saint-Francois,FR,2020-12-28 07:27:12,46.42,3.91,41.0,75,90,12.75
227,Baykit,RU,2020-12-28 07:27:12,61.67,96.37,-28.46,79,4,1.03
228,Faanui,PF,2020-12-28 07:27:12,-16.48,-151.75,80.58,69,100,5.21
229,Constitucion,CL,2020-12-28 07:27:12,-35.33,-72.42,57.07,86,0,3.69
230,Pierre,US,2020-12-28 07:27:12,44.37,-100.35,19.99,85,90,3.36
231,Abu Samrah,SY,2020-12-28 07:27:12,35.3,37.18,48.49,48,100,9.78
232,Adrar,MR,2020-12-28 07:27:12,20.5,-10.07,69.19,27,100,0.72
233,Canutama,BR,2020-12-28 07:27:13,-6.53,-64.38,72.68,98,100,3.11
234,Plettenberg Bay,ZA,2020-12-28 07:27:13,-34.05,23.37,69.31,61,0,8.32
235,Mount Gambier,AU,2020-12-28 07:27:13,-37.83,140.77,60.8,51,75,13.87
236,Airai,TL,2020-12-28 07:27:13,-8.93,125.41,71.62,84,100,1.9
237,Ha Tinh,VN,2020-12-28 07:27:13,18.33,105.9,78.26,73,54,6.49
238,Wanning,CN,2020-12-28 07:27:13,18.8,110.4,75.97,63,94,9.33
239,Antalaha,MG,2020-12-28 07:27:13,-14.9,50.28,86.38,62,100,7.25
240,Quang Ngai,VN,2020-12-28 07:25:43,15.12,108.8,78.89,70,0,7.87
241,Bridgetown,BB,2020-12-28 07:27:14,13.1,-59.62,77.0,88,40,12.75
242,Zonguldak,TR,2020-12-28 07:27:14,41.25,31.83,48.09,57,100,6.08
243,Nanortalik,GL,2020-12-28 07:27:15,60.14,-45.24,36.28,91,100,13.11
244,Caiaponia,BR,2020-12-28 07:27:15,-16.96,-51.81,68.67,90,90,0.43
245,Mongo,TD,2020-12-28 07:27:15,12.18,18.69,75.24,20,17,4.92
246,Labuhan,ID,2020-12-28 07:27:15,-6.88,112.21,85.53,69,85,7.34
247,Louis Trichardt,ZA,2020-12-28 07:27:15,-23.04,29.9,81.61,56,0,10.27
248,Luwingu,ZM,2020-12-28 07:27:16,-10.26,29.93,64.6,97,100,5.39
249,Forbes,AU,2020-12-28 07:27:16,-33.38,148.02,91.0,26,5,1.01
250,Virginia Beach,US,2020-12-28 07:27:16,36.85,-75.98,37.4,69,75,8.88
251,Atambua,ID,2020-12-28 07:26:02,-9.11,124.89,82.47,72,96,5.84
252,Mehamn,NO,2020-12-28 07:27:16,71.04,27.85,21.2,79,75,8.05
253,Dunedin,NZ,2020-12-28 07:26:50,-45.87,170.5,57.0,65,0,1.99
254,Pauini,BR,2020-12-28 07:27:16,-7.71,-66.98,72.23,99,100,1.88
255,Yarmouth,US,2020-12-28 07:27:16,41.71,-70.23,39.0,74,90,5.82
256,Viedma,AR,2020-12-28 07:27:17,-40.81,-63.0,66.99,89,1,12.97
257,Maniitsoq,GL,2020-12-28 07:27:17,65.42,-52.9,32.67,96,100,23.06
258,Calama,CL,2020-12-28 07:27:17,-22.47,-68.93,44.6,73,0,13.87
259,Tacuati,PY,2020-12-28 07:27:17,-23.45,-56.58,74.14,80,7,2.59
260,Aklavik,CA,2020-12-28 07:27:17,68.22,-135.01,-5.8,83,0,1.12
261,Beringovskiy,RU,2020-12-28 07:27:17,63.05,179.32,19.9,97,100,28.79
262,Toamasina,MG,2020-12-28 07:27:17,-18.17,49.38,84.2,79,75,3.36
263,Nacala,MZ,2020-12-28 07:27:17,-14.54,40.67,88.56,58,91,8.1
264,Aksarka,RU,2020-12-28 07:27:18,66.56,67.8,-20.83,87,100,15.32
265,Necochea,AR,2020-12-28 07:27:18,-38.55,-58.74,68.0,85,100,13.87
266,Aanekoski,FI,2020-12-28 07:27:18,62.69,25.82,32.0,80,90,16.11
267,Quatre Cocos,MU,2020-12-28 07:27:18,-20.21,57.76,82.4,69,75,16.11
268,Christchurch,NZ,2020-12-28 07:25:55,-43.53,172.63,57.2,58,0,11.41
269,Oudtshoorn,ZA,2020-12-28 07:27:19,-33.59,22.2,69.8,60,20,17.22
270,Tateyama,JP,2020-12-28 07:27:19,34.98,139.87,57.2,71,40,5.82
271,Toba,JP,2020-12-28 07:27:20,34.48,136.85,54.0,76,0,5.99
272,Yerofey Pavlovich,RU,2020-12-28 07:27:20,53.97,121.97,-13.27,81,2,4.63
273,Rio Grande,BR,2020-12-28 07:27:20,-32.03,-52.1,73.0,84,94,1.99
274,Egvekinot,RU,2020-12-28 07:27:20,66.32,-179.17,-2.96,87,100,27.02
275,Knysna,ZA,2020-12-28 07:27:21,-34.04,23.05,69.8,60,20,17.22
276,Dobrinka,RU,2020-12-28 07:27:21,52.17,40.47,11.03,96,0,4.76
277,Banda Aceh,ID,2020-12-28 07:27:21,5.56,95.32,83.17,72,100,3.11
278,Tarko-Sale,RU,2020-12-28 07:27:21,64.92,77.78,-20.0,78,100,25.39
279,Pouembout,NC,2020-12-28 07:27:21,-21.13,164.9,80.35,76,8,5.68
280,Bhachau,IN,2020-12-28 07:27:21,23.28,70.35,73.71,18,0,12.75
281,Red Wing,US,2020-12-28 07:27:22,44.56,-92.53,16.0,92,1,6.93
282,Belaya Gora,RU,2020-12-28 07:27:22,68.53,146.42,-26.34,86,98,2.37
283,Kudymkar,RU,2020-12-28 07:27:22,59.02,54.66,11.03,96,99,6.38
284,Khartoum,SD,2020-12-28 07:27:22,15.55,32.53,73.4,27,0,14.99
285,Mount Isa,AU,2020-12-28 07:27:22,-20.73,139.5,91.4,43,95,9.17
286,Bardiyah,LY,2020-12-28 07:27:22,31.76,25.09,57.9,58,0,9.93
287,Bellingham,US,2020-12-28 07:23:37,48.76,-122.49,42.01,100,75,4.7
288,Kaeo,NZ,2020-12-28 07:27:22,-35.1,173.78,63.0,47,11,3.0
289,Kaduna,NG,2020-12-28 07:27:23,10.52,7.44,65.39,28,85,10.27
290,Portland,US,2020-12-28 07:22:33,45.52,-122.68,43.0,73,20,11.41
291,Samarai,PG,2020-12-28 07:27:23,-10.62,150.67,87.42,70,70,12.19
292,Geraldton,AU,2020-12-28 07:27:23,-28.77,114.6,93.2,24,0,25.28
293,Fuerte Olimpo,PY,2020-12-28 07:27:24,-21.04,-57.87,74.71,90,4,4.94
294,Saint-Leu,RE,2020-12-28 07:27:24,-21.15,55.28,86.0,62,20,5.82
295,Sabang,ID,2020-12-28 07:27:24,5.89,95.32,82.6,72,94,7.61
296,Acapulco,MX,2020-12-28 07:27:24,16.86,-99.89,73.83,78,0,3.87
297,Cayenne,GF,2020-12-28 07:27:25,4.93,-52.33,75.2,100,39,6.93
298,Vanimo,PG,2020-12-28 07:27:25,-2.67,141.3,84.47,68,56,5.12
299,Buraydah,SA,2020-12-28 07:27:25,26.33,43.98,51.8,81,75,9.17
300,Rio Gallegos,AR,2020-12-28 07:27:25,-51.62,-69.22,48.2,50,0,4.7
301,Gizo,SB,2020-12-28 07:27:25,-8.1,156.84,84.52,67,99,2.01
302,Xiaoweizhai,CN,2020-12-28 07:27:25,26.19,107.51,58.48,83,87,3.06
303,Naze,JP,2020-12-28 07:24:13,28.37,129.48,69.8,72,40,16.11
304,Bandarbeyla,SO,2020-12-28 07:27:25,9.49,50.81,77.94,77,86,25.61
305,Aban,RU,2020-12-28 07:27:26,56.67,96.06,-28.43,82,0,2.13
306,Mogadouro,PT,2020-12-28 07:27:26,41.34,-6.71,36.0,88,41,8.01
307,Salalah,OM,2020-12-28 07:27:26,17.02,54.09,78.8,44,0,5.82
308,Mpika,ZM,2020-12-28 07:27:26,-11.83,31.45,69.82,81,100,5.61
309,Longyearbyen,SJ,2020-12-28 07:27:26,78.22,15.64,24.8,68,75,25.28
310,Dongsheng,CN,2020-12-28 07:27:26,39.82,109.98,14.36,86,7,16.58
311,Erenhot,CN,2020-12-28 07:27:26,43.65,111.98,-7.19,84,84,13.87
312,Kazerun,IR,2020-12-28 07:27:26,29.62,51.65,57.36,36,74,4.14
313,Tura,IN,2020-12-28 07:27:27,25.52,90.22,73.35,51,100,3.27
314,Tallahassee,US,2020-12-28 07:22:27,30.44,-84.28,39.0,86,1,0.67
315,Resen,MK,2020-12-28 07:27:27,41.09,21.01,40.08,79,21,10.16
316,Hualmay,PE,2020-12-28 07:27:27,-11.1,-77.61,67.57,87,44,7.99
317,Nabire,ID,2020-12-28 07:27:27,-3.37,135.48,81.18,72,94,0.56
318,Ancud,CL,2020-12-28 07:27:27,-41.87,-73.82,60.01,100,75,5.82
319,Puebloviejo,CO,2020-12-28 07:27:27,10.99,-74.28,79.0,75,3,4.94
320,Leh,IN,2020-12-28 07:27:27,34.17,77.58,13.46,62,100,1.66
321,Baghdad,IQ,2020-12-28 07:27:28,33.34,44.4,55.4,47,20,4.7
322,Great Bend,US,2020-12-28 07:27:28,38.36,-98.76,32.0,86,1,4.7
323,Narsaq,GL,2020-12-28 07:27:28,60.92,-46.05,37.4,86,100,10.29
324,Batelov,CZ,2020-12-28 07:27:28,49.31,15.39,28.0,95,100,4.0
325,Sudak,UA,2020-12-28 07:27:28,44.85,34.97,47.07,87,100,6.31
326,Pomabamba,PE,2020-12-28 07:27:28,-8.83,-77.47,46.92,75,99,2.46
327,Sitka,US,2020-12-28 07:27:28,57.05,-135.33,37.4,86,75,4.7
328,Kuala Terengganu,MY,2020-12-28 07:27:28,5.33,103.14,87.8,66,20,4.7
329,Agadez,NE,2020-12-28 07:27:28,19.75,10.25,57.72,35,2,6.2
330,Gladstone,AU,2020-12-28 07:27:29,-23.85,151.25,82.4,61,0,13.87
331,Mercedes,AR,2020-12-28 07:27:29,-34.65,-59.43,73.99,83,10,1.99
332,San Vicente,AR,2020-12-28 07:27:29,-26.62,-54.13,68.25,79,30,2.15
333,Alofi,NU,2020-12-28 07:27:29,-19.06,-169.92,78.8,88,40,3.36
334,Owando,CG,2020-12-28 07:27:29,-0.48,15.9,78.46,74,92,1.74
335,Poum,NC,2020-12-28 07:27:29,-20.23,164.02,80.44,72,5,5.7
336,Luwuk,ID,2020-12-28 07:27:30,-0.95,122.79,84.36,67,100,1.95
337,Qui Nhon,VN,2020-12-28 07:27:28,13.77,109.23,77.0,75,3,11.52
338,Andra,RU,2020-12-28 07:27:30,62.51,65.89,-6.25,90,100,5.66
339,Iqaluit,CA,2020-12-28 07:27:30,63.75,-68.51,10.4,66,90,16.11
340,Ketchikan,US,2020-12-28 07:27:30,55.34,-131.65,35.6,93,90,3.36
341,Ahuimanu,US,2020-12-28 07:27:30,21.44,-157.84,75.2,69,90,11.41
342,Singaraja,ID,2020-12-28 07:27:30,-8.11,115.09,85.48,68,75,2.66
343,Komsomolskiy,UZ,2020-12-28 07:27:31,40.43,71.72,28.4,92,90,2.24
344,Okhotsk,RU,2020-12-28 07:27:31,59.38,143.3,-29.09,75,0,13.47
345,Port Hardy,CA,2020-12-28 07:27:31,50.7,-127.42,42.8,100,75,5.82
346,Ankang,CN,2020-12-28 07:27:31,32.68,109.02,56.59,43,82,2.71
347,Maragogi,BR,2020-12-28 07:27:31,-9.01,-35.22,76.33,77,93,9.69
348,Brownwood,US,2020-12-28 07:27:32,31.71,-98.99,35.6,59,90,8.52
349,Huarmey,PE,2020-12-28 07:27:32,-10.07,-78.15,69.04,82,87,3.47
350,Saldanha,ZA,2020-12-28 07:27:32,-33.01,17.94,69.8,62,0,5.82
351,La Ronge,CA,2020-12-28 07:27:33,55.1,-105.28,1.4,77,0,3.36
352,Leningradskiy,RU,2020-12-28 07:27:33,69.38,178.42,-13.27,79,0,1.5
353,Naica,MX,2020-12-28 07:27:33,27.85,-105.48,51.6,41,0,6.38
354,Rawson,AR,2020-12-28 07:27:33,-43.3,-65.1,69.71,66,70,16.49
355,Mecca,SA,2020-12-28 07:23:23,21.43,39.83,78.01,61,1,0.45
356,Pravokumskoye,RU,2020-12-28 07:27:33,44.77,44.65,34.39,92,100,10.54
357,Pazaric,BA,2020-12-28 07:27:33,43.79,18.16,33.8,100,75,3.36
358,Gat,IL,2020-12-28 07:27:33,31.61,34.76,61.0,57,5,5.01
359,Abbeville,FR,2020-12-28 07:27:33,50.1,1.83,37.99,78,100,11.74
360,Shenjiamen,CN,2020-12-28 07:27:34,29.96,122.3,58.01,78,6,9.86
361,Waddan,LY,2020-12-28 07:27:34,29.16,16.14,49.23,53,0,2.15
362,Juegang,CN,2020-12-28 07:27:34,32.32,121.19,57.99,71,97,10.09
363,Edd,ER,2020-12-28 07:27:34,13.93,41.69,83.28,43,0,11.56
364,Mayo,US,2020-12-28 07:27:34,38.89,-76.51,39.99,86,1,8.05
365,Andenes,NO,2020-12-28 07:27:34,69.31,16.12,39.2,69,75,18.34
366,Yanam,IN,2020-12-28 07:24:00,16.73,82.22,82.4,54,0,3.36
367,Panacan,PH,2020-12-28 07:27:35,9.25,118.41,86.0,74,75,4.7
368,Tual,ID,2020-12-28 07:27:35,-5.67,132.75,81.84,81,100,11.7
369,Grand-Santi,GF,2020-12-28 07:27:35,4.25,-54.38,71.62,97,80,1.9
370,Sabla,NG,2020-12-28 07:27:35,12.75,4.71,62.89,30,0,10.02
371,Manyana,BW,2020-12-28 07:27:35,-23.4,21.72,85.14,40,23,13.47
372,Straumen,NO,2020-12-28 07:27:35,63.87,11.3,43.0,52,20,11.41
373,Benghazi,LY,2020-12-28 07:27:35,32.12,20.07,60.01,67,40,5.75
374,Kirakira,SB,2020-12-28 07:27:35,-10.45,161.92,82.24,79,100,3.6
375,Malakal,SS,2020-12-28 07:27:36,9.53,31.66,84.94,15,0,11.72
376,Hirado,JP,2020-12-28 07:27:36,33.36,129.55,60.01,58,20,3.36
377,Pryazha,RU,2020-12-28 07:27:36,61.69,33.62,15.8,92,40,2.24
378,Lodingen,NO,2020-12-28 07:27:36,68.41,16.0,42.8,52,75,17.22
379,Broken Hill,AU,2020-12-28 07:27:37,-31.95,141.43,75.2,16,0,18.34
380,Ostuacan,MX,2020-12-28 07:27:37,17.42,-93.3,57.81,96,58,0.76
381,Petropavlovsk-Kamchatskiy,RU,2020-12-28 07:27:37,53.05,158.65,10.4,78,100,6.71
382,Ziarat,PK,2020-12-28 07:27:37,30.38,67.73,36.03,41,0,9.51
383,Baglan,AF,2020-12-28 07:27:37,36.13,68.71,31.35,88,0,2.28
384,Ucluelet,CA,2020-12-28 07:27:37,48.93,-125.55,43.0,92,100,13.11
385,Grindavik,IS,2020-12-28 07:27:37,63.84,-22.43,32.0,83,40,24.16
386,Russellville,US,2020-12-28 07:27:37,35.28,-93.13,42.01,80,1,3.83
387,Cascais,PT,2020-12-28 07:27:38,38.7,-9.42,54.0,87,75,11.41
388,Mesyagutovo,RU,2020-12-28 07:27:39,55.53,58.25,18.68,96,100,7.92
389,Coahuayana,MX,2020-12-28 07:27:39,18.73,-103.68,64.99,85,0,3.47
390,Zyryanka,RU,2020-12-28 07:27:39,65.75,150.85,-29.31,79,66,4.99
391,Marzuq,YE,2020-12-28 07:27:39,14.4,46.47,65.59,26,0,4.16
392,Nadadores,MX,2020-12-28 07:27:39,27.05,-101.6,57.0,23,0,4.0
393,Lompoc,US,2020-12-28 07:27:39,34.64,-120.46,48.2,93,90,8.05
394,Aykhal,RU,2020-12-28 07:27:39,66.0,111.5,-2.2,84,90,8.95
395,Karratha,AU,2020-12-28 07:27:40,-20.74,116.85,89.37,58,0,14.99
396,Kuching,MY,2020-12-28 07:26:48,1.55,110.33,89.6,66,40,8.05
397,Hobyo,SO,2020-12-28 07:27:40,5.35,48.53,82.74,66,38,19.15
398,Redcar,GB,2020-12-28 07:27:40,54.62,-1.06,32.0,92,75,1.12
399,Najran,SA,2020-12-28 07:27:40,17.49,44.13,59.0,38,0,3.36
400,Isangel,VU,2020-12-28 07:27:40,-19.55,169.27,79.88,78,10,13.91
401,San Pedro,PH,2020-12-28 07:27:40,14.35,121.02,88.0,70,75,5.82
402,Mtwara,TZ,2020-12-28 07:27:41,-10.27,40.18,75.2,100,90,9.17
403,Koungou,YT,2020-12-28 07:27:42,-12.73,45.2,87.8,66,20,12.75
404,Innisfail,AU,2020-12-28 07:27:42,-17.53,146.03,80.26,86,100,3.91
405,Severnyy-Kospashskiy,RU,2020-12-28 07:27:42,59.09,57.8,10.99,80,100,3.83
406,Pyaozerskiy,RU,2020-12-28 07:27:42,65.83,31.17,22.19,96,100,11.77
407,Amapa,BR,2020-12-28 07:27:43,1.0,-52.0,71.4,98,100,1.74
408,Sao Felix Do Xingu,BR,2020-12-28 07:27:43,-6.64,-51.99,69.82,96,89,1.79
409,Mahenge,TZ,2020-12-28 07:27:43,-8.68,36.72,67.78,100,100,2.19
410,Shanghai,CN,2020-12-28 07:23:34,31.22,121.46,61.0,59,75,11.18
411,Giyon,ET,2020-12-28 07:27:44,8.53,37.98,69.04,23,55,7.38
412,Tilichiki,RU,2020-12-28 07:27:44,60.47,166.1,-4.05,91,98,10.65
413,Lazaro Cardenas,MX,2020-12-28 07:27:45,17.96,-102.2,69.73,87,2,4.72
414,Pundaguitan,PH,2020-12-28 07:27:46,6.37,126.17,83.25,76,99,10.16
415,Bartica,GY,2020-12-28 07:27:46,6.4,-58.62,73.4,100,40,4.7
416,Puerto Del Rosario,ES,2020-12-28 07:27:46,28.5,-13.86,62.6,88,0,8.05
417,Surin,TH,2020-12-28 07:27:46,14.88,103.49,91.99,48,6,5.75
418,Farah,AF,2020-12-28 07:27:46,32.5,62.5,41.25,49,0,4.52
419,Palauig,PH,2020-12-28 07:27:46,15.44,119.9,81.97,76,87,4.83
420,Krasnoselkup,RU,2020-12-28 07:27:46,65.7,82.47,-30.8,82,0,15.32
421,Sola,VU,2020-12-28 07:27:47,-13.88,167.55,84.63,71,34,6.73
422,Dudinka,RU,2020-12-28 07:27:47,69.41,86.18,-34.6,73,0,8.95
423,Saint-Augustin,CA,2020-12-28 07:27:47,51.23,-58.65,22.89,82,38,10.02
424,Rockland,US,2020-12-28 07:27:47,41.17,-74.05,28.99,79,100,4.05
425,San Cristobal,VE,2020-12-28 07:27:47,7.77,-72.22,62.92,87,99,2.91
426,Pangkalanbuun,ID,2020-12-28 07:27:47,-2.68,111.62,87.62,63,78,5.19
427,Kosh-Agach,RU,2020-12-28 07:27:47,50.0,88.67,-17.7,80,20,0.69
428,Nsukka,NG,2020-12-28 07:27:47,6.86,7.39,71.6,68,27,2.55
429,Lorengau,PG,2020-12-28 07:27:48,-2.02,147.27,85.19,64,76,5.97
430,Limbazi,LV,2020-12-28 07:27:48,57.51,24.72,28.99,86,55,8.01
431,Sambava,MG,2020-12-28 07:27:48,-14.27,50.17,86.07,63,100,8.34
432,Pitimbu,BR,2020-12-28 07:27:48,-7.47,-34.81,77.0,78,20,11.41
433,Mishan,CN,2020-12-28 07:27:48,45.55,131.88,-2.36,89,86,2.15
434,Fecamp,FR,2020-12-28 07:27:48,49.76,0.37,41.0,86,40,14.99
435,Auki,SB,2020-12-28 07:27:48,-8.77,160.7,80.92,81,100,2.93
436,Bonnyville,CA,2020-12-28 07:27:48,54.27,-110.73,10.4,92,90,9.17
437,Nome,US,2020-12-28 07:27:48,64.5,-165.41,28.4,86,90,21.92
438,Hervey Bay,AU,2020-12-28 07:27:49,-25.3,152.85,84.0,62,86,4.0
439,Saint-Joseph,RE,2020-12-28 07:27:49,-21.37,55.62,86.0,62,20,5.82
440,Luoyang,CN,2020-12-28 07:27:09,34.68,112.45,46.99,99,36,7.45
441,Ventspils,LV,2020-12-28 07:27:50,57.39,21.56,30.2,92,75,14.99
442,Lastoursville,GA,2020-12-28 07:27:50,-0.81,12.73,76.73,85,100,2.28
443,San Patricio,US,2020-12-28 07:27:50,28.02,-97.52,62.01,100,20,8.05
444,Fairbanks,US,2020-12-28 07:27:50,64.84,-147.72,6.8,77,75,3.36
445,Port Lincoln,AU,2020-12-28 07:27:51,-34.73,135.87,61.97,52,4,13.27
446,Clyde River,CA,2020-12-28 07:27:51,70.47,-68.59,-9.4,83,100,34.45
447,Sibolga,ID,2020-12-28 07:24:49,1.74,98.78,82.62,77,100,3.69
448,Klyuchi,RU,2020-12-28 07:27:51,52.27,79.17,-6.3,84,100,11.01
449,Tessalit,ML,2020-12-28 07:27:51,20.2,1.01,57.31,34,100,8.7
450,Scarborough,GB,2020-12-28 07:27:51,54.28,-0.4,33.01,93,33,7.02
451,Sol-Iletsk,RU,2020-12-28 07:27:51,51.16,54.99,17.64,96,1,6.31
452,Kruisfontein,ZA,2020-12-28 07:27:51,-34.0,24.73,73.0,64,0,5.01
453,Griffith,US,2020-12-28 07:27:52,41.53,-87.42,33.8,92,90,11.41
454,Puerto Escondido,MX,2020-12-28 07:27:52,15.85,-97.07,74.25,80,56,3.31
455,Atlantis,ZA,2020-12-28 07:27:52,-33.57,18.48,71.01,68,0,1.61
456,Akyab,MM,2020-12-28 07:27:52,20.15,92.9,76.98,39,0,5.39
457,Exeter,GB,2020-12-28 07:27:26,50.72,-3.53,35.01,96,20,6.42
458,Nokaneng,BW,2020-12-28 07:27:53,-19.67,22.27,82.44,54,11,7.85
459,Biltine,TD,2020-12-28 07:27:53,14.53,20.92,75.31,20,0,3.78
460,Welkom,ZA,2020-12-28 07:27:53,-27.99,26.71,84.99,51,0,4.41
461,Gimli,CA,2020-12-28 07:27:53,50.63,-96.99,-9.4,83,13,5.82
462,Bolu,TR,2020-12-28 07:27:53,40.67,31.58,45.77,57,100,5.61
463,Hirara,JP,2020-12-28 07:22:57,24.8,125.28,73.4,69,75,14.99
464,Jhalida,IN,2020-12-28 07:26:47,23.37,85.97,77.0,33,0,2.24
465,Praia Da Vitoria,PT,2020-12-28 07:27:54,38.73,-27.07,57.2,76,75,13.8
466,Guerrero Negro,MX,2020-12-28 07:27:54,27.98,-114.06,58.87,85,0,10.38
467,Okha,RU,2020-12-28 07:27:54,53.57,142.95,-16.26,87,100,22.3
468,Arcachon,FR,2020-12-28 07:27:55,44.59,-1.05,48.2,66,75,20.8
469,Brownsville,US,2020-12-28 07:27:55,25.9,-97.5,66.2,88,1,6.93
470,Ugoofaaru,MV,2020-12-28 07:27:56,5.67,73.0,82.09,69,77,8.3
471,Thaba-Tseka,LS,2020-12-28 07:27:56,-29.52,28.61,71.76,33,40,10.16
472,Ewa Beach,US,2020-12-28 07:27:56,21.32,-158.01,75.2,73,1,4.7
473,North Bend,US,2020-12-28 07:24:12,43.41,-124.22,43.0,84,1,4.7
474,Awjilah,LY,2020-12-28 07:27:57,29.11,21.29,55.85,46,0,4.29
475,Ekhabi,RU,2020-12-28 07:27:57,53.51,142.97,-16.56,87,100,22.1
476,Doembang Nangbuat,TH,2020-12-28 07:27:57,14.83,100.1,93.0,45,45,1.88
477,Cerro Largo,BR,2020-12-28 07:27:57,-28.15,-54.74,69.01,93,0,5.82
478,Salinopolis,BR,2020-12-28 07:27:58,-0.61,-47.36,79.83,81,50,13.91
479,Talnakh,RU,2020-12-28 07:27:58,69.49,88.4,-34.6,73,0,8.95
480,Luena,AO,2020-12-28 07:27:58,-11.78,19.92,69.03,89,99,3.38
481,Faya,SA,2020-12-28 07:27:58,18.39,42.45,66.2,33,0,6.93
482,Pelym,RU,2020-12-28 07:27:58,61.01,62.0,-11.97,88,100,7.63
483,Zaraza,VE,2020-12-28 07:27:58,9.35,-65.32,72.07,93,100,5.82
484,Vangaindrano,MG,2020-12-28 07:27:59,-23.35,47.6,75.9,91,100,2.04
485,Lakatoro,VU,2020-12-28 07:27:59,-16.1,167.42,84.2,79,75,2.26
486,Katima Mulilo,NA,2020-12-28 07:27:59,-17.5,24.27,78.82,66,0,7.96
487,Mahanoro,MG,2020-12-28 07:27:59,-19.9,48.8,80.56,85,100,8.95
488,General Cepeda,MX,2020-12-28 07:27:59,25.38,-101.45,48.81,46,0,3.49
489,Samoded,RU,2020-12-28 07:27:59,63.61,40.51,6.04,93,93,4.18
490,Maarianhamina,AX,2020-12-28 07:27:59,60.1,19.93,37.4,74,90,21.92
491,Georgetown,MY,2020-12-28 07:27:59,5.41,100.34,89.6,70,20,9.17
492,Birjand,IR,2020-12-28 07:28:00,32.87,59.22,42.8,18,0,5.1
493,Atherton,GB,2020-12-28 07:28:00,53.52,-2.49,35.01,86,100,9.62
494,Porto Seguro,BR,2020-12-28 07:28:00,-16.45,-39.06,71.6,88,40,2.24
495,Luanda,AO,2020-12-28 07:28:00,-8.84,13.23,78.8,78,75,5.82
496,Lexington Park,US,2020-12-28 07:28:00,38.27,-76.45,39.99,69,1,3.36
497,Lhokseumawe,ID,2020-12-28 07:27:53,5.18,97.15,83.77,73,100,7.11
498,Behat,IN,2020-12-28 07:26:46,30.17,77.62,64.51,45,51,3.87
499,Kahului,US,2020-12-28 07:28:01,20.89,-156.47,72.0,68,1,3.36
500,Ngunguru,NZ,2020-12-28 07:27:26,-35.62,174.5,63.0,47,0,3.0
501,Pimentel,PE,2020-12-28 07:28:01,-6.84,-79.93,67.89,85,91,7.47
502,Burnie,AU,2020-12-28 07:28:02,-41.07,145.92,62.01,43,100,8.99
503,Williston,US,2020-12-28 07:28:03,48.15,-103.62,19.99,86,100,1.99
504,Sovetskiy,RU,2020-12-28 07:28:03,61.36,63.58,-9.87,90,100,7.67
505,Coquimbo,CL,2020-12-28 07:28:03,-29.95,-71.34,59.0,87,75,4.7
506,Bequimao,BR,2020-12-28 07:28:03,-2.45,-44.78,80.6,83,40,10.29
507,General Roca,AR,2020-12-28 07:28:03,-39.03,-67.58,66.2,88,75,8.05
508,Tungor,RU,2020-12-28 07:28:03,53.38,142.96,-16.67,87,100,21.27
509,Mwinilunga,ZM,2020-12-28 07:28:03,-11.74,24.43,71.98,86,96,0.6
510,Ayorou,NE,2020-12-28 07:28:04,14.73,0.92,64.26,28,4,9.19
511,Wilmington,US,2020-12-28 07:27:36,34.23,-77.94,35.6,90,1,3.29
512,Benemerito De Las Americas,MX,2020-12-28 07:28:04,16.52,-90.64,65.75,85,100,1.54
513,Lohja,FI,2020-12-28 07:28:04,60.25,24.07,30.99,87,100,14.0
514,Santa Cruz,BO,2020-12-28 07:28:04,-17.8,-63.17,73.4,94,75,4.7
515,High Rock,BS,2020-12-28 07:28:04,26.62,-78.28,57.2,93,0,5.82
516,Fethiye,TR,2020-12-28 07:28:04,36.62,29.12,53.6,81,75,6.93
517,Avera,US,2020-12-28 07:28:04,33.19,-82.53,30.2,100,1,2.57
518,Ararat,AM,2020-12-28 07:28:05,39.83,44.7,19.4,79,8,1.12
519,Borogontsy,RU,2020-12-28 07:28:05,62.67,131.17,-40.9,80,100,3.8
520,Fort Saint James,CA,2020-12-28 07:28:05,54.43,-124.25,20.05,96,99,1.41
521,Kuryk,KZ,2020-12-28 07:28:05,43.2,51.65,35.89,79,91,12.53
522,Katangi,IN,2020-12-28 07:26:48,23.45,79.78,73.4,40,0,2.24
523,Luau,AO,2020-12-28 07:28:05,-10.71,22.22,68.2,94,94,3.98
524,Moerai,PF,2020-12-28 07:28:05,-22.43,-151.33,77.74,70,3,10.36
525,Vikhorevka,RU,2020-12-28 07:28:05,56.12,101.16,-32.01,59,93,6.71
526,Opuwo,NA,2020-12-28 07:28:06,-18.06,13.84,75.34,42,100,3.47
527,Ambilobe,MG,2020-12-28 07:28:06,-13.2,49.05,88.14,61,99,5.64
528,Susehri,TR,2020-12-28 07:28:06,40.16,38.09,38.17,68,80,4.05
529,Sinnamary,GF,2020-12-28 07:28:06,5.38,-52.95,76.41,89,35,7.96
530,Tucuman,AR,2020-12-28 07:28:06,-26.82,-65.22,77.0,83,90,6.93
531,Kopervik,NO,2020-12-28 07:28:06,59.28,5.31,42.01,75,75,6.93
532,Lethem,GY,2020-12-28 07:28:06,3.38,-59.8,76.46,80,100,8.59
533,Dingle,PH,2020-12-28 07:28:06,11.0,122.67,82.89,78,100,2.15
534,Vardo,NO,2020-12-28 07:28:06,70.37,31.11,24.8,85,75,23.04
535,Kyra,RU,2020-12-28 07:28:07,49.58,111.98,-13.56,72,81,11.5
536,Phibun Mangsahan,TH,2020-12-28 07:28:07,15.24,105.23,93.0,49,20,6.93
537,Shingu,JP,2020-12-28 07:27:16,33.73,135.98,57.2,54,20,14.99
538,Tabuk,PH,2020-12-28 07:28:08,17.42,121.44,79.32,85,74,5.5
539,Gorontalo,ID,2020-12-28 07:23:22,0.54,123.06,85.44,75,100,2.75
540,Taunggyi,MM,2020-12-28 07:28:08,20.78,97.03,73.83,30,0,6.33
541,Kadom,RU,2020-12-28 07:28:08,54.56,42.47,9.68,95,13,3.24
542,Zakharovo,RU,2020-12-28 07:28:08,54.37,39.28,7.83,95,33,5.82
543,Jaisalmer,IN,2020-12-28 07:24:11,26.91,70.92,67.33,20,0,12.44
544,Acari,PE,2020-12-28 07:28:08,-15.43,-74.62,70.9,71,100,1.61
545,Aswan,EG,2020-12-28 07:28:08,24.09,32.91,68.22,44,38,9.24
546,Honningsvag,NO,2020-12-28 07:28:08,70.98,25.97,21.2,79,75,8.05
547,Havre-Saint-Pierre,CA,2020-12-28 07:28:09,50.23,-63.6,14.0,85,90,4.99
548,Port Townsend,US,2020-12-28 07:28:09,48.12,-122.76,43.0,91,75,5.01
549,Caravelas,BR,2020-12-28 07:28:09,-17.71,-39.25,72.1,92,0,1.99
550,Boyolangu,ID,2020-12-28 07:28:10,-8.12,111.89,83.91,72,98,7.23
551,Zeya,RU,2020-12-28 07:28:10,53.75,127.27,-20.65,78,0,3.24
552,Celestun,MX,2020-12-28 07:28:10,20.87,-90.4,66.76,86,8,10.4
553,Muzhi,RU,2020-12-28 07:28:10,65.37,64.67,-16.62,88,100,16.11
554,Cap Malheureux,MU,2020-12-28 07:28:10,-19.98,57.61,80.01,78,100,13.0
555,Los Alamos,US,2020-12-28 07:28:10,35.89,-106.31,35.6,43,90,3.36
556,Shizunai,JP,2020-12-28 07:28:03,42.33,142.37,31.17,92,45,17.6
557,Colares,PT,2020-12-28 07:28:10,38.8,-9.45,54.0,87,75,11.41
558,Sawtell,AU,2020-12-28 07:28:11,-30.38,153.1,82.4,51,75,5.82
559,Minna,NG,2020-12-28 07:28:11,9.61,6.56,72.09,25,15,8.7
560,Meulaboh,ID,2020-12-28 07:28:11,4.14,96.13,82.2,77,100,7.02
561,Miri,MY,2020-12-28 07:28:11,4.41,114.01,86.0,74,40,8.05
562,Carahue,CL,2020-12-28 07:28:11,-38.7,-73.17,55.4,100,90,1.12
563,Mount Pleasant,US,2020-12-28 07:23:16,32.79,-79.86,37.4,100,1,5.59
564,Koumac,NC,2020-12-28 07:28:11,-20.57,164.28,80.2,76,16,6.73
565,Xapuri,BR,2020-12-28 07:28:11,-10.65,-68.5,70.66,98,100,1.21
566,Vila Velha,BR,2020-12-28 07:28:11,-20.33,-40.29,71.6,94,0,3.36
567,Ongandjera,NA,2020-12-28 07:28:12,-17.88,15.07,75.56,64,100,2.3
568,Chkalovskoye,RU,2020-12-28 07:28:12,44.84,133.04,0.09,87,100,2.71
569,Acajutla,SV,2020-12-28 07:28:12,13.59,-89.83,61.0,98,100,8.48
